{"model":{"path":"Framework/InitAllApplications.xaml","arguments":[{"name":"in_Config","type":"System.Collections.Generic.Dictionary\u00602[[System.String, System.Private.CoreLib, Version=8.0.0.0, Culture=neutral, PublicKeyToken=7cec85d7bea7798e],[System.Object, System.Private.CoreLib, Version=8.0.0.0, Culture=neutral, PublicKeyToken=7cec85d7bea7798e]], System.Private.CoreLib, Version=8.0.0.0, Culture=neutral, PublicKeyToken=7cec85d7bea7798e","direction":"In"}],"outline":{"displayName":"Initialize All Applications","nodeName":"Sequence","annotation":"Open applications used in the process and do necessary initialization procedures (e.g., login).","items":[{"displayName":"Log message (Initialize applications)","nodeName":"LogMessage"}]}},"lastModified":"2025-10-03T14:34:02Z"}