{"model":{"path":"Framework/KillAllProcesses.xaml","arguments":[],"outline":{"nodeName":"Activity","items":[{"displayName":"Kill All Processes","nodeName":"Sequence","annotation":"Use the Kill Process activity to force the termination of the Windows processes representing applications used in the business process being automated.\nNote that killing processes might have undesirable outcomes, such as losing unsaved changes to files.","items":[{"displayName":"Log message (Kill processes)","nodeName":"LogMessage"}]}]}},"lastModified":"2025-10-03T14:34:02Z"}