{"model":{"path":"Framework/Process.xaml","arguments":[{"name":"in_TransactionItem","type":"UiPath.Core.QueueItem, UiPath.System.Activities, Version=25.10.3.0, Culture=neutral, PublicKeyToken=null","direction":"In","typeDefinitions":"namespace UiPath.Core { class QueueItem\r\n{\r\nlong? Id;\r\nstring Progress;\r\nDictionary\u003Cstring, object\u003E SpecificContent;\r\nstring Reference;\r\nstring QueueName;\r\nint RetryNo;\r\nQueueItemStatus Status;\r\nstring LastProcessingOn;\r\nGuid ItemKey;\r\nlong QueueDefinitionId;\r\nstring AssignedTo;\r\nQueueItemPriority Priority;\r\nbyte[] RowVersion;\r\nProcessingException ProcessingException;\r\nDateTime? StartTransactionTime;\r\nstring ReviewStatus;\r\nDictionary\u003Cstring, object\u003E Output;\r\nDateTime? DueDate;\r\nDateTime? DeferDate;\r\nstring ParentOperationId;\r\nGuid? UniqueKey;\r\n}\r\nenum QueueItemStatus\r\n{\r\nNew,\r\nInProgress,\r\nFailed,\r\nSuccessful,\r\nAbandoned,\r\nRetried,\r\nDeleted,\r\n}\r\nenum QueueItemPriority\r\n{\r\nHigh,\r\nNormal,\r\nLow,\r\n}\r\nclass ProcessingException\r\n{\r\nstring Reason;\r\nstring Details;\r\nProcessingExceptionType Type;\r\nstring AssociatedImageFilePath;\r\nlong Id;\r\nDateTime? CreationTime;\r\n}\r\n}"},{"name":"in_Config","type":"System.Collections.Generic.Dictionary\u00602[[System.String, System.Private.CoreLib, Version=8.0.0.0, Culture=neutral, PublicKeyToken=7cec85d7bea7798e],[System.Object, System.Private.CoreLib, Version=8.0.0.0, Culture=neutral, PublicKeyToken=7cec85d7bea7798e]], System.Private.CoreLib, Version=8.0.0.0, Culture=neutral, PublicKeyToken=7cec85d7bea7798e","direction":"In"}],"outline":{"displayName":"Process","nodeName":"Sequence","annotation":"Invoke major steps of the business process, which are usually implemented by multiple subworkflows.\n\nIf a BusinessRuleException is thrown, the transaction is skipped. \nIf another kind of exception occurs, the current transaction can be retried. ","items":[{"displayName":"Log Message Process Start","nodeName":"LogMessage"},{"displayName":"Comment (placeholder)","nodeName":"Comment"}]}},"lastModified":"2025-10-03T14:34:02Z"}