{"model":{"path":"Framework/RetryCurrentTransaction.xaml","arguments":[{"name":"in_Config","type":"System.Collections.Generic.Dictionary\u00602[[System.String, System.Private.CoreLib, Version=8.0.0.0, Culture=neutral, PublicKeyToken=7cec85d7bea7798e],[System.Object, System.Private.CoreLib, Version=8.0.0.0, Culture=neutral, PublicKeyToken=7cec85d7bea7798e]], System.Private.CoreLib, Version=8.0.0.0, Culture=neutral, PublicKeyToken=7cec85d7bea7798e","direction":"In"},{"name":"io_RetryNumber","type":"System.Int32, System.Private.CoreLib, Version=8.0.0.0, Culture=neutral, PublicKeyToken=7cec85d7bea7798e","direction":"InOut"},{"name":"io_TransactionNumber","type":"System.Int32, System.Private.CoreLib, Version=8.0.0.0, Culture=neutral, PublicKeyToken=7cec85d7bea7798e","direction":"InOut"},{"name":"in_SystemException","type":"System.Exception, System.Private.CoreLib, Version=8.0.0.0, Culture=neutral, PublicKeyToken=7cec85d7bea7798e","direction":"In"},{"name":"in_QueueRetry","type":"System.Boolean, System.Private.CoreLib, Version=8.0.0.0, Culture=neutral, PublicKeyToken=7cec85d7bea7798e","direction":"In"}],"outline":{"displayName":"Retry Current Transaction","nodeName":"Flowchart","annotation":"Manage the retrying mechanism for the framework and it is invoked in SetTransactionStatus.xaml when a system exception occurs. \nThe retrying method is based on the configurations defined in Config.xlsx.","items":[{"displayName":"Retry transaction?","nodeName":"FlowDecision","items":[{"displayName":"Max retries reached?","nodeName":"FlowDecision","items":[{"nodeName":"FlowStep","items":[{"displayName":"Log message (Max retries reached)","nodeName":"LogMessage"},{"nodeName":"FlowStep","items":[{"displayName":"Reset retry counter","nodeName":"Assign"},{"nodeName":"FlowStep"}]}]},{"nodeName":"FlowStep","items":[{"displayName":"Log message (Retry)","nodeName":"LogMessage"},{"displayName":"Use Orchestrator\u0027s retry?","nodeName":"FlowDecision","items":[{"nodeName":"FlowStep"},{"nodeName":"FlowStep"}]}]}]},{"nodeName":"FlowStep","items":[{"displayName":"Log message (No retry)","nodeName":"LogMessage"},{"nodeName":"FlowStep","items":[{"displayName":"Increment TransactionNumber (No retry)","nodeName":"Assign"}]}]}]}]}},"lastModified":"2025-10-03T14:34:02Z"}