{"model":{"path":"Framework/TakeScreenshot.xaml","arguments":[{"name":"in_Folder","type":"System.String, System.Private.CoreLib, Version=8.0.0.0, Culture=neutral, PublicKeyToken=7cec85d7bea7798e","direction":"In"},{"name":"io_FilePath","type":"System.String, System.Private.CoreLib, Version=8.0.0.0, Culture=neutral, PublicKeyToken=7cec85d7bea7798e","direction":"InOut"}],"outline":{"displayName":"Take and Save Screenshot","nodeName":"Sequence","annotation":"Capture a screenshot, log its name and location and save it with the PNG extension.\nIf no specific filepath is passed as argument, it saves the image in the folder specified by in_Folder.","items":[{"displayName":"Take screenshot","nodeName":"TakeScreenshot","annotation":"The whole screen is captured."},{"displayName":"If no screenshot filepath","nodeName":"If","items":[{"displayName":"Then","nodeName":"Sequence","items":[{"displayName":"Initialize screenshot filepath","nodeName":"Assign"}]},{"displayName":"Else","nodeName":"Sequence"}]},{"displayName":"Initialize ScreenshotFileInfo","nodeName":"Assign"},{"displayName":"If screenshot folder does not exist, create it","nodeName":"If","items":[{"displayName":"Then","nodeName":"Sequence","items":[{"displayName":"Create directory","nodeName":"CreateDirectory"}]},{"displayName":"Else","nodeName":"Sequence"}]},{"displayName":"Save screenshot","nodeName":"SaveImage"},{"displayName":"Log message (Take screenshot)","nodeName":"LogMessage"}]}},"lastModified":"2025-10-03T14:34:02Z"}