{"model":{"path":"Main.xaml","arguments":[{"name":"in_OrchestratorQueueName","type":"System.String, System.Private.CoreLib, Version=8.0.0.0, Culture=neutral, PublicKeyToken=7cec85d7bea7798e","direction":"In"},{"name":"in_OrchestratorQueueFolder","type":"System.String, System.Private.CoreLib, Version=8.0.0.0, Culture=neutral, PublicKeyToken=7cec85d7bea7798e","direction":"In"}],"outline":{"displayName":"General Business Process","nodeName":"StateMachine","annotation":"[Process title]\n[Process description]\n[Additional information (e.g., author, contact information and applications involved and required external setup)]","items":[{"displayName":"Get Transaction Data","nodeName":"State","annotation":"Get the next transaction to be processed.","items":[{"displayName":"Retrieve Data","nodeName":"Sequence","annotation":"Retrieve a new transaction data to be processed.\nThe TransactionNumber variable holds the current transaction number and incrementing this variable makes the framework retrieve the next transaction. If the framework is retrying a failed transaction, this variable is not incremented until the maximum number of retry attempts is reached.","items":[{"displayName":"Check Stop Signal","nodeName":"ShouldStop"},{"displayName":"Should Stop or Get Next","nodeName":"If","items":[{"displayName":"Orchestrator stop requested","nodeName":"Sequence","items":[{"displayName":"Log message (Stop process requested)","nodeName":"LogMessage"},{"displayName":"End Process (Stop process requested)","nodeName":"Assign"}]},{"displayName":"Else","nodeName":"Sequence","items":[{"displayName":"Try GetTransactionData","nodeName":"TryCatch","items":[{"displayName":"Try","nodeName":"Sequence"},{"nodeName":"Catch"},{"displayName":"Finally","nodeName":"Sequence"}]}]}]}]},{"displayName":"New Transaction","nodeName":"Transition","items":[{"displayName":"Process Transaction","nodeName":"State","annotation":"Process a single transaction. \nThe result of the processing can be: 1) Success, 2) Business Exception, 3) System Exception. \nIn the case of a system exception, the transaction can be automatically retried.","items":[{"displayName":"Try to process transaction","nodeName":"TryCatch","items":[{"displayName":"Process the current TransactionItem","nodeName":"Sequence"},{"nodeName":"Catch"},{"nodeName":"Catch"},{"displayName":"Finally","nodeName":"Sequence"}]},{"displayName":"System Exception","nodeName":"Transition","items":[{"displayName":"Initialization","nodeName":"State","annotation":"Read configuration file and initialize applications used in the process."}]},{"displayName":"Business Exception","nodeName":"Transition","annotation":"Business Rule Exception"},{"displayName":"Success","nodeName":"Transition","annotation":"There is no need for any action in case of successful transaction.\nThe process should simply go to next transaction."}]},{"displayName":"Log message (New transaction retrieved)","nodeName":"LogMessage"}]},{"displayName":"No Data","nodeName":"Transition","annotation":"This is a simple mecanism to stop the process.\nIn reallife scenario you can stop the process when there is no more data to process or on a schedule.","items":[{"displayName":"Log message (No more transations available)","nodeName":"LogMessage"}]}]}]}},"lastModified":"2025-11-27T14:42:01.1779582Z"}