{
  "Workflows": [
    {
      "Path": null,
      "SortBy": 0,
      "VariablesSectionElementsOrder": [],
      "ArgumentsSectionElementsOrder": null,
      "ConstantsSectionElementsOrder": null,
      "AddedNamespaces": null
    },
    {
      "Path": "Main.xaml",
      "SortBy": 0,
      "VariablesSectionElementsOrder": [
        "TransactionItem&StateMachine_1",
        "SystemError&StateMachine_1",
        "TransactionNumber&StateMachine_1",
        "Config&StateMachine_1",
        "RetryNumber&StateMachine_1",
        "dtTransactionData&StateMachine_1",
        "OrcStop&StateMachine_1",
        "ConfigFile&StateMachine_1",
        "ConfigSheets&StateMachine_1",
        "ConfigNameCol&StateMachine_1",
        "ConfigValCol&StateMachine_1",
        "ConfigAssetCol&StateMachine_1",
        "AssetSheetName&StateMachine_1",
        "TransCount&StateMachine_1",
        "InputFilePath&StateMachine_1",
        "BusinessException&StateMachine_1",
        "BrowserObj&StateMachine_1",
        "LogAssetFail&Sequence_4",
        "LogAssetUnDef&Sequence_4"
      ],
      "ArgumentsSectionElementsOrder": [],
      "ConstantsSectionElementsOrder": null,
      "AddedNamespaces": null
    },
    {
      "Path": "Process.xaml",
      "SortBy": 0,
      "VariablesSectionElementsOrder": [],
      "ArgumentsSectionElementsOrder": [
        "in_Config",
        "in_TransactionItem",
        "in_BrowserObj"
      ],
      "ConstantsSectionElementsOrder": null,
      "AddedNamespaces": null
    },
    {
      "Path": "_Test.xaml",
      "SortBy": 0,
      "VariablesSectionElementsOrder": [
        "Config&Sequence_1"
      ],
      "ArgumentsSectionElementsOrder": [],
      "ConstantsSectionElementsOrder": null,
      "AddedNamespaces": null
    }
  ]
}